Source;Target
BUM3;UFYW
UXRJ;B8W2
UXRJ;OZO6
UXRJ;GWYA
UXRJ;KKFH
UXRJ;SHSS
UXRJ;XONO
G1TW;GWWU
G1TW;BNVP
HGSA;M6HI
HGSA;R5W3
HGSA;L0BM
HGSA;RMMJ
HGSA;Q7R7
HGSA;YFBY
PRXW;BPT9
PRXW;DZVS
PRXW;YJBW
PRXW;P1B0
QPX2;IHFX
QPX2;GVL0
QPX2;FEB0
QPX2;B7RG
QPX2;K7Z2
QPX2;BKD7
QPX2;IYS3
QPX2;H7YT
L6EP;HCVP
TOMD;C8WL
TOMD;Z4O3
TOMD;ONTA
TOMD;YAHQ
RTL1;IKLU
RTL1;L4I8
RTL1;S0AG
RTL1;OGRH
RTL1;HCVP
RTL1;XUAS
RTL1;SGZ4
RTL1;KUHW
V1A5;GZS0
V1A5;DSR4
V1A5;IFMS
V1A5;NNH6
FCK8;Z8WR
FCK8;MRRM
RYC5;DNJ6
RYC5;RDW8
RYC5;XVFG
RYC5;JNYX
RYC5;CZXI
RYC5;NVJM
RYC5;W5VS
RYC5;COUR
RYC5;XBUE
RYC5;PEJC
RYC5;WNB2
RYC5;NRZZ
KGCB;L1DK
KGCB;JHBL
KGCB;CMSS
KGCB;YJYB
Z0KD;Y6MG
Z0KD;CDYQ
Z0KD;H9AT
Z0KD;L0RY
UTC9;ZBHC
UTC9;G0KC
UTC9;ULOB
UTC9;OKZW
UTC9;NSF9
RKW5;JDDN
N8X5;O4LV
N8X5;B4V3
HAYO;HACZ
WLXI;DQOV
WLXI;F1SA
WLXI;BCFO
WLXI;YEHO
CRNX;MOCK
CRNX;FUU0
CRNX;WEF9
CRNX;O8UB
CRNX;GZS0
JJW3;AZGW
JJW3;IMHL
JJW3;I5WJ
JJW3;X6FV
WACU;VUBK
H5G2;UKYY
RJDC;XAAM
RJDC;ZRUM
X0UI;N8WD
X0UI;N2XI
VZI2;G6YC
VZI2;JSRU
MEWG;BKBF
FXLG;A9R3
FXLG;PIRB
FXLG;U3CR
FXLG;CCW7
FXLG;VSIS
CQCD;LTGU
CQCD;H5GB
CQCD;H4RA
CQCD;WQPN
CQCD;EAKD
CQCD;ECRR
CMD3;IVUL
CMD3;DXZP
CMD3;QAU3
CMD3;HQHB
CDW7;UYP2
QIUY;FSAR
QIUY;SVOR
QIUY;INPD
SLNT;J4PC
SLNT;JLXO
GEQS;EHKM
GEQS;MVSQ
GEQS;O9QQ
GEQS;E3SD
GEQS;VLO6
GEQS;AOGK
JZGD;B3N2
JZGD;KBW9
WVZI;CYGP
WVZI;R6ET
WVZI;NSF3
WVZI;L0BM
SXOM;RDAI
SXOM;MAN2
SXOM;QOIJ
LCCR;BEG6
LCCR;AALZ
K5IW;VCF5
K5IW;GASN
K5IW;J5WG
X3MT;NCAN
X3MT;YJI0
ZOVN;APEF
ZOVN;QVQ2
BPT9;DZVS
BPT9;P1B0
BPT9;JZPT
BPT9;FUHW
BPT9;ODLW
BPT9;S8H7
BPT9;B8SB
BPT9;N9BJ
CFET;VUIZ
CFET;ZSR4
A2FQ;NPRS
A2FQ;DEZM
A2FQ;BCA8
A2FQ;P2VS
A2FQ;S7OC
NVNG;TCDB
NVNG;U0V8
NVNG;FLQV
ZPMW;OIS2
ZPMW;EAL6
ZPMW;ONLK
ZPMW;LOBH
ZPMW;W6C7
ZPMW;PYIC
ZPMW;B4V3
B0S3;B3N2
LJVA;Y1ZR
LJVA;QJUE
YJG3;PZJT
BKKJ;UGFM
BKKJ;HHNO
CFDM;ASOU
CFDM;P0WC
CFDM;Q2XN
CFDM;RFP2
V1XI;CMSS
V1XI;X9RU
V1XI;QOIJ
V1XI;TSAU
M3L2;U4OW
XONO;U0V8
XONO;QOIJ
XONO;E1IK
XONO;C9NB
XONO;QGLC
XONO;U4OW
XONO;YWK9
XONO;PKVO
XONO;GNJ1
XONO;MVXR
XONO;KJXT
XONO;GWYA
DQEK;QDBU
JURF;PMA5
JURF;V0R5
JURF;VUB7
JURF;PSKW
JURF;W6JA
JURF;MOCK
JURF;RKY5
JURF;QTMI
JURF;O8UB
JURF;DJF2
UPFL;XEGK
UPFL;J7IB
UPFL;VOXJ
UPFL;BHQF
B7OV;YJYB
B7OV;DSXJ
CJL1;LUQU
CJL1;BPWT
CJL1;U9TZ
IAZM;H3WS
IAZM;BWC1
CVER;RLWX
CVER;ZYJH
CVER;VYWB
CVER;C5RU
CVER;IJHA
CVER;YTI7
CVER;Y7RG
CVER;YJI0
PMH8;ZWL5
PMH8;IXUO
PWXA;GJNF
PWXA;GCUX
PWXA;SZDH
U2VT;YEG1
U2VT;KGIW
U2VT;FSD4
U2VT;X8ZB
U2VT;GJNF
U2VT;VBQ0
U2VT;CEYR
U2VT;ERZB
U2VT;PZJT
MWL4;S2GY
MWL4;V1XN
MWL4;KELM
MWL4;QFS8
IPMR;L9TA
IPMR;G9Y8
BAGI;TUST
IAVW;YPFZ
IAVW;ITWD
IAVW;N2XI
IAVW;CAMO
IAVW;XYOR
IAVW;G8ZA
L1A9;DLQW
L1A9;NUO2
F4ZA;Z4KY
F4ZA;QHHJ
F4ZA;IADR
F4ZA;XVN5
F4ZA;M4YD
F4ZA;NCV0
F4ZA;R2D9
F4ZA;YSGI
F4ZA;DQC9
F4ZA;IGHU
F4ZA;G0VU
F4ZA;BHEH
F4ZA;KQC9
BCA8;NPRS
BCA8;DEZM
BCA8;S7OC
BCA8;P2VS
SKKF;UUIV
K4C4;YWCZ
KKDS;J1C5
KKDS;J6VA
KKDS;UCVS
KKDS;JXS1
V4WW;TZOD
XATC;NKEL
XATC;H1W5
XATC;K6R9
XATC;W1TL
CLJQ;E4U3
CLJQ;X6IX
CLJQ;RVUI
CLJQ;HAWG
S3TH;OLJE
S3TH;OYP0
S3TH;CQZK
S3TH;QPTN
S3TH;WVKF
DQOV;BCFO
DQOV;KYYW
DQOV;U3W0
DQOV;A9PJ
DQOV;ZDXR
DQOV;E2RS
XBJO;UDFY
XBJO;RNUQ
XBJO;MRLB
XBJO;JSRU
XBJO;S1H8
Q9ZT;RUPA
Q9ZT;ORBM
B8RL;N7QC
B8RL;J9HO
X7VY;GRJP
CXL3;DDCU
CXL3;MOXB
CXL3;Q2R5
CXL3;THK3
CXL3;KSSP
P2VS;NPRS
P2VS;DEZM
P2VS;JECX
P2VS;S7OC
PGIU;KYLY
BSUD;OFYU
BSUD;T8S5
BSUD;HPH0
BSUD;UTRK
BSUD;JXKG
BSUD;IFGM
BSUD;XJFB
BSUD;BEG6
BSUD;K2CK
RDAI;B6LY
RDAI;C4YM
RDAI;SHYM
RDAI;HKKN
RDAI;HRXX
HZV7;BHXI
HZV7;GQRK
HZV7;Z8TT
HZV7;JMZ8
HZV7;C6ID
HZV7;HUC1
F8WY;SUGE
F8WY;W3EU
F8WY;MBJ8
JDDN;CVSU
JDDN;P6Z5
JDDN;XHU3
JDDN;HRWN
JDDN;X1HM
JDDN;CUY9
JDDN;OYWT
JDDN;ZABU
JDDN;SUJI
JDDN;X9PY
JDDN;U2LA
JDDN;P1OI
NZS5;X4FK
NZS5;P9RG
NVUS;XVA4
NVUS;IRZC
LHD4;LKVP
WCZ9;UFYB
WCZ9;PVR6
WCZ9;R7U0
WCZ9;OLHR
WCZ9;GCRT
OIP7;KBW9
CXGV;LQHR
E3A8;PQU9
E3A8;R8OZ
E3A8;I8YK
E3A8;G9VP
E3A8;TTQQ
E3A8;AHD1
O9QQ;EHKM
O9QQ;E3SD
O9QQ;JEB2
DAH9;W8T2
DAH9;JZHC
YKCB;VUIZ
YKCB;R3IV
YKCB;VMRM
YKCB;O9SQ
YKCB;YQJU
YKCB;HUC1
YKCB;DBUV
YKCB;MXHE
YKCB;M9WW
YKCB;ZWPX
YKCB;F3TK
STII;QFNN
V0QK;HCTX
V0QK;N0SA
GJNF;UYNQ
GJNF;ZKWF
GJNF;BCFO
GJNF;FSD4
FHV7;RNFD
FHV7;O5P1
L6N4;S1H8
PSM9;PFVJ
I9BH;V1XN
I9BH;KKVH
NUW9;PTZ6
NUW9;BXW0
NUW9;E5RO
NUW9;I4Z6
RMJ4;FUU0
Z6WP;F3TK
Z6WP;STF3
UDNX;XEDS
RKH0;F1SA
DST2;SLQW
ITVF;N0PI
ITVF;DPE4
ITVF;IRU4
NQUF;BLQ6
NQUF;H7OC
NQUF;K6R9
AWYJ;XYDT
X0VN;MUWW
X0VN;XRIU
X0VN;SAR5
X0VN;D1MJ
BPZ8;WIBS
BPZ8;KLON
BPZ8;EAKD
W7T2;B4JX
W7T2;NGEF
NBIB;UMPF
NBIB;QDVF
WMP6;PATZ
OYP0;PZQB
OYP0;WVKF
OYP0;QPTN
OYP0;HPYF
OYP0;YXRG
KURT;H4RA
KURT;H5GB
KURT;JIJZ
LTGU;H5GB
LTGU;WQPN
LTGU;EAKD
LTGU;H4RA
LTGU;ECRR
WERB;E4U3
WERB;HAWG
WERB;RVUI
WERB;X6IX
FUY6;CALH
FUY6;B8QL
WXYA;KQC9
WXYA;IGHU
WXYA;YSGI
WXYA;VIRN
AHHH;NCAN
MRRM;D4UX
T3HE;EEVI
T3HE;JSXT
T3HE;N2XI
T3HE;RUP1
XTVP;YJYB
RDW8;DNJ6
RDW8;JNYX
RDW8;WNB2
RDW8;XVFG
RDW8;PEJC
RDW8;CZXI
RDW8;W5VS
RDW8;NVJM
RDW8;COUR
RDW8;XBUE
RDW8;NRZZ
QTLV;QFXO
QTLV;B3SH
W6XH;T8S5
W6XH;EYMX
W6XH;E2MS
W6XH;UOUA
KBW9;DYOI
KBW9;ZULJ
KBW9;UIBD
KBW9;AANA
KBW9;GSMI
KBW9;ITEC
KBW9;V3QS
KBW9;NLNU
KBW9;ZAZC
KBW9;IEMF
KBW9;RLLT
KBW9;O3K7
KBW9;CFRO
KBW9;DIPE
KBW9;Q0LO
KBW9;WVP1
KBW9;UDKQ
KBW9;AOMR
KBW9;B3N2
KBW9;N7GM
KBW9;G5GC
KBW9;W4B4
KBW9;KRZA
KBW9;R6XZ
KBW9;TYW2
GNJ1;U0V8
GNJ1;HTDP
GNJ1;PKVO
GNJ1;C9NB
GNJ1;E1IK
GNJ1;GWYA
QVQ2;APEF
W2JJ;GGN0
MLON;PVLJ
FSD4;X8ZB
FSD4;BCFO
FSD4;YNM6
FSD4;B8Y4
FSD4;CEYR
FSD4;KGIW
FSD4;WKUY
FSD4;O5ZW
FSD4;CHRE
FSD4;KYYW
FSD4;XKIM
FSD4;ERZB
FSD4;VBQ0
FSD4;Y7D4
FSD4;RQEP
FSD4;YEHO
FSD4;XKR3
PFVJ;CBWD
PFVJ;B7LK
PFVJ;HDHR
PFVJ;R3AQ
PFVJ;T5RQ
PFVJ;LFZ2
RGLK;BQPB
UYP2;RLL4
UYP2;DQRK
UYP2;GQKQ
UYP2;UYMJ
UYP2;UJNM
UYP2;JBCR
UYP2;YOJS
VUIZ;QDTB
VUIZ;ZWPX
VUIZ;DBUV
VUIZ;R3IV
VUIZ;H4J9
VUIZ;O9SQ
VUIZ;HUC1
VUIZ;VMRM
VUIZ;E9NQ
VUIZ;MXHE
VUIZ;YQJU
B2T5;XZJ5
FMMU;X2JI
FMMU;TEH0
FMMU;GSY8
IECN;AJW7
IECN;UGFM
IECN;XYDT
IECN;BINF
WSD6;HCVP
XXTF;TFQU
XXTF;O1BV
MPLH;U0A7
MPLH;SLQW
MPLH;EPFY
MPLH;WVDE
MPLH;U8JV
MPLH;S5CC
M0Z3;VZD8
DBUV;MXHE
VTRR;O8UB
VTRR;MOCK
CZXI;COUR
CZXI;S6MU
CZXI;AFD1
CZXI;G0T8
CZXI;PEJC
CZXI;VCAK
CZXI;FBTY
CZXI;DWN8
CZXI;L4DO
CZXI;Q7EZ
CZXI;Z3LG
CZXI;Y3UJ
CZXI;GXCH
CZXI;DNJ6
CZXI;EUQ6
CZXI;O3S5
CZXI;W6GJ
CZXI;ITM0
CZXI;QIET
CZXI;J7JG
CZXI;S2UA
CZXI;NFIV
CZXI;XVFG
CZXI;WNB2
CZXI;W5VS
CZXI;ZEKE
CZXI;RMMW
CZXI;JCPD
CZXI;IVDK
CZXI;D3JX
CZXI;MZBH
CZXI;U4KY
CZXI;NVJM
CZXI;NHZU
CZXI;OID0
CZXI;EZSF
CZXI;JNYX
CZXI;TBPO
CZXI;QREW
CZXI;NRZZ
CZXI;XBUE
CZXI;VFEW
CZXI;JXIU
CZXI;D1TD
CZXI;NIFP
CZXI;PVLJ
CZXI;MEMW
CZXI;S6GN
CZXI;C2GG
A8K7;FQZ2
A8K7;KRJ8
A8K7;ZUVV
A8K7;MMVG
XZJ5;Q5NL
XZJ5;BDDP
XZJ5;EHE2
I3F4;JSRU
I3F4;QVVN
Y6MG;H9AT
Y6MG;N0SA
N7WC;QJL4
JKIH;XIDG
JKIH;J0JR
JKIH;XKIM
SLQW;EPFY
SLQW;U0A7
SLQW;PRWN
SLQW;C7WW
SLQW;S5CC
SLQW;WVDE
SLQW;U8JV
SLQW;GISY
SLQW;HCVP
G9Y8;J8VJ
G9Y8;KXQG
G9Y8;IRU4
G9Y8;GGN0
G9Y8;QOIJ
G9Y8;KXDS
G9Y8;T8W6
G9Y8;L9TA
TUFK;BUW4
BZMY;S2GY
BZMY;IWDP
BZMY;XXJP
SBDN;O3WN
XUI0;ORBM
XUI0;UULX
JZTY;SYNV
E7E3;EVVW
E7E3;U2LA
E7E3;RPU6
E7E3;QLC4
E7E3;KUHW
E7E3;SGZ4
E7E3;QMIY
AABB;J8XS
IRZC;QJL4
IRZC;CIM6
GVL0;IHFX
GVL0;B7RG
GVL0;IYS3
GVL0;FEB0
GVL0;K7Z2
GVL0;H7YT
GVL0;BKD7
IHUV;ZWD6
IHUV;GLFZ
IHUV;KOP0
IHUV;U2IB
CNJB;SLEJ
AOGK;EHKM
N0SA;UKAE
N0SA;FSKQ
N0SA;XGQZ
N0SA;GSIX
N0SA;PTZ6
MAPV;S1H8
MAPV;JSRU
MAPV;RNUQ
PSKW;W6JA
PSKW;K8I1
PSKW;QDYA
PSKW;DJF2
PSKW;S6VB
PSKW;V0R5
PSKW;VGNC
PSKW;QMVP
PSKW;QTMI
PSKW;PMA5
PSKW;STS3
PSKW;K3HI
PSKW;O8UB
PSKW;MOCK
PSKW;RKY5
PSKW;DXZP
PSKW;VUB7
HCTX;C6ZC
HCTX;V2EB
X1HM;F0W0
X1HM;WVHW
X1HM;SGZ4
BLQ6;B4JX
BLQ6;HUB0
AXGH;FHBZ
AXGH;C7WW
YSAD;HHNO
YSAD;UGFM
SLEJ;F0U1
SLEJ;FTSA
SLEJ;SDRT
SLEJ;YKGU
D9G9;Y1ZR
OOS1;AZGW
DSKJ;HPTF
L8TX;WUE5
L8TX;EKUW
L8TX;Y1ZR
L8TX;RBUG
GSE4;VUBK
GSE4;UYL7
YJI1;R5VF
YJI1;V2HQ
ZAZC;B3N2
B4YD;PFPH
B4YD;VVDC
B4YD;VNLX
B4YD;BUPT
JZPT;DZVS
JZPT;ODLW
JZPT;P1B0
JZPT;S8H7
GWWU;GWHP
FLY8;QXI2
FLY8;ABMR
FLY8;TAZE
FLY8;E7OA
LPNQ;E9IX
LPNQ;UYL7
LPNQ;VUBK
TWNI;XFHV
W3KU;N2XI
MAN2;HBHH
MAN2;MQX6
MAN2;PGC2
SNH2;UTRK
SNH2;BEG6
KVMP;FUU0
R3IV;XGQZ
R3IV;YQJU
I6JO;ODY4
OQW2;G8FQ
OQW2;TTEX
OQW2;GAW3
OQW2;HAAG
OQW2;FMO9
OQW2;FMYD
KTM3;XSUD
KTM3;QDH9
KTM3;ASVW
KTM3;BEG6
KTM3;IFGM
KTM3;LDDO
KTM3;JXKG
KTM3;UTRK
KTM3;OFYU
G6DQ;XRIU
G6DQ;SAR5
SIX9;JECX
O1P2;FUU0
LXAJ;LFZ2
LXAJ;RSHN
LXAJ;NVYV
LXAJ;Y7UA
LXAJ;HDHR
S7OC;NPRS
S7OC;DEZM
BFS6;CDS4
BFS6;FCLC
BFS6;W2KS
BFS6;P7OA
BFS6;T7Z4
G9OR;VQB2
G9OR;W4B4
XUAS;IKLU
XUAS;BGMC
XUAS;VAQJ
XUAS;O7Z2
XUAS;LIVG
XUAS;HCVP
XUAS;NBC0
XUAS;J2PU
XUAS;L4I8
XUAS;KLA7
XUAS;KUHW
M6Z4;BKBF
KZKM;OVE9
KZKM;UGFM
B4JX;K6R9
B4JX;H7OC
FDU6;UYL7
STS3;LRJV
STS3;L8Z6
STS3;UMOG
JZHC;AUL9
MDDV;JXS1
U9OX;K7XD
O3EO;XGQZ
O3EO;QECM
O3EO;J3RP
O3EO;M1HL
O3EO;UFYW
P7OA;T7Z4
P7OA;W2KS
P7OA;R0JL
P7OA;FCLC
P7OA;CDS4
P7OA;YWX7
P7OA;SLEC
LEZG;WSTT
UFYW;GYDE
UFYW;J3RP
RBUG;UKBR
RBUG;B0AP
RBUG;KHA8
RBUG;HXRN
RBUG;Y1ZR
RBUG;S5SW
RBUG;QJUE
RBUG;P5J2
RBUG;XYDT
RBUG;MGQX
RBUG;WUE5
RBUG;Q7EM
KVKP;PNNJ
KVKP;YQKA
PZJT;M6QA
PZJT;KGIW
S5U9;BKBF
S5U9;IJIT
S5U9;GMO7
KKVH;V1XN
C0ZJ;PYIH
C0ZJ;L0BM
C0ZJ;S4OA
QDTB;E6PS
QDTB;YQJU
QDTB;E9NQ
QDTB;MWEN
XQAZ;YSXG
XQAZ;UKBR
XQAZ;Q2GZ
DWNG;UJCT
DWNG;D1MJ
DWNG;MUWW
DWNG;LES2
DWNG;SAR5
DWNG;XRIU
YSGI;N9BJ
YSGI;Z4KY
BLWE;KMFK
BLWE;UUIV
EARA;UGFM
EAL6;PYIC
SJQS;INQJ
SJQS;JECX
O9SQ;MXHE
GXCH;O3S5
GXCH;QREW
S1L0;U1VP
EXHD;QKTV
EXHD;OFU1
EXHD;WWAE
EXHD;E0GF
EXHD;F8CR
EXHD;MMFZ
MZMX;UULX
ULG7;G9VP
ULG7;NSF9
IPYG;Z0HZ
IXC5;ANZL
IXC5;SKU1
IXC5;XJDC
IXC5;OUY3
IXC5;MJCH
IFGM;T8S5
IFGM;UTRK
IFGM;JXKG
UXDS;O5JG
UXDS;JMG3
UXDS;GVJ1
ZABU;E6MO
ZABU;U2LA
ZABU;HCVP
ZABU;KUHW
ZABU;SGZ4
ZABU;B0ZM
D7WN;CLLP
WSWA;UYRJ
WSWA;GLFZ
QFXO;P1OI
QFXO;RPU6
QFXO;HCVP
QFXO;U2LA
QFXO;EXD1
QFXO;P1OX
QFXO;QLC4
JCCR;BNZW
JCCR;N2VY
JCCR;QYHO
JCCR;ALYN
JCCR;GZS0
JCCR;C8XL
JCCR;G7RL
JCCR;WNAP
LUCP;QTMI
LUCP;FBET
LUCP;Z7AN
G5GC;N7GM
G5GC;AOMR
FAXV;JTKE
SUGE;RKOK
SUGE;H0N2
SUGE;IMHL
SUGE;P9RG
SUGE;SOTP
SUGE;QCZN
BQN6;Y1ZR
KQC9;Z4KY
KQC9;N9BJ
KQC9;IADR
Q7R7;RMMJ
Q7R7;R5W3
Q7R7;YFBY
G2LB;YJYB
ULOB;QTWY
ULOB;NSF9
ULOB;R9WX
ULOB;IVSD
ULOB;XQJD
ULOB;TTQQ
GASN;VCF5
GASN;J5WG
GASN;NCAN
GASN;EGCP
BQTJ;HHNO
BQTJ;UGFM
TWGV;UCVS
ALLV;VUBK
V2EB;AMK7
V2EB;PPYT
V2EB;N3ZZ
V2EB;BUW4
MFG7;W5EZ
MFG7;TKLP
Q2R5;KSSP
WKUY;RQEP
WKUY;XKIM
D7NN;O5JG
D7NN;BINF
D7NN;AJW7
D7NN;HHNO
D7NN;UGFM
VRT0;X2JI
Z5V4;INQJ
Z5V4;AAJR
Z5V4;FPJS
Z5V4;AKM7
Z5V4;ZXVH
Z5V4;SEIC
Z5V4;HCDF
AJUQ;T5HB
AJUQ;PGEC
AJUQ;S4OA
AJUQ;F9JA
WQJG;CAEO
WQJG;O5K3
WQJG;IIMO
WQJG;DDFW
WQJG;K7G5
WQJG;RGFW
SZDY;PATZ
SZDY;STGC
USRH;UTRK
J8XS;S1H8
J8XS;D7TS
J8XS;N2XI
J8XS;VQBO
J8XS;AVN7
J8XS;ZWD6
J8XS;JSRU
NZJZ;RXVG
NZJZ;BCFO
U1QJ;QIHY
U1QJ;ERZB
U1QJ;XKIM
U1QJ;XIDG
M4YD;Z4KY
PATZ;QTW8
PATZ;STGC
Y4ML;U1VP
Y4ML;A3XQ
QPHJ;Y3UJ
NLQ4;ALYN
NLQ4;Q6LD
NLQ4;CGZH
EPFY;U0A7
EPFY;WVDE
EPFY;S5CC
EPFY;U8JV
MAR5;ZKWF
CQP2;QOIJ
CQP2;L7ML
EMI1;FJWP
EMI1;GSY8
EMI1;K4NO
B3S7;D1O6
B3S7;XEDS
UIJ3;BTF9
W4QB;QKVG
AZHI;XZYF
VMH9;QBOS
VMH9;OGMN
VMH9;UUIV
VMH9;ERWW
VMH9;R5VF
YGSB;UDFY
UYKI;U1VP
KJXT;GWYA
JBCR;XKUX
JBCR;CIM6
JBCR;ABZM
JBCR;UYMJ
JBCR;YOJS
QFNN;PZQB
QFNN;UEL6
BCN9;ODY4
B6LY;HRXX
B6LY;C4YM
ODY4;YKGU
ODY4;KJAH
ODY4;NZWM
ODY4;QSVJ
ODY4;S6N8
ODY4;P7BH
ODY4;A5ME
ODY4;Q7X2
MRG2;OLUR
EXB9;FES8
EXB9;UDX0
EXB9;CHOU
XAAM;CLLP
XAAM;QOIJ
XAAM;ZRUM
UKBR;YSXG
UKBR;Q2GZ
CLTQ;F1SA
HGN5;MOCK
VUB7;W6JA
VUB7;A2CK
VUB7;QTMI
VUB7;PMA5
VUB7;DJF2
VUB7;V0R5
VUB7;RKY5
VUB7;MOCK
VUB7;TCYA
VUB7;O8UB
UJNM;UYMJ
UJNM;YOJS
Q0GS;X2RY
POJT;ONLK
POJT;B0LU
OIT0;XYWN
OIT0;QEXK
KGIW;YKPT
KGIW;CEYR
KGIW;VBQ0
KGIW;B8Y4
KGIW;O5ZW
KGIW;ERZB
KGIW;F1SA
KGIW;X8ZB
LAGD;H2HJ
LAGD;BJUJ
ADM9;U1VP
V3QS;GSMI
V3QS;B3N2
V3QS;DYOI
X8ZB;F1SA
X8ZB;CEYR
X8ZB;ERZB
J7JG;O7ZN
J7JG;VAT4
J7JG;OKYE
J7JG;RWO0
W5ZX;HMIA
W5ZX;EBJ6
GZPH;BJM5
GZPH;ROSR
GZPH;VUBK
ATEY;YFBY
ABMR;YJYB
MWNJ;ENBP
MWNJ;J2OX
MWNJ;WBKV
N2VY;ALYN
MLZG;ILD2
AALZ;BEG6
X8AM;Y1ZR
GIP8;I5WJ
GIP8;QYLJ
HPTF;G0KC
AJZ9;JHBL
ENK5;AHFY
ENK5;IHFW
ENK5;RRCW
ENK5;DOGC
XGQZ;FSKQ
XGQZ;J3RP
XGQZ;ZMMS
YJYB;O9P3
YJYB;SZDH
YJYB;L1DK
YJYB;TMPA
YJYB;O0RD
YJYB;GZEG
YJYB;CMSS
YJYB;BUW4
YJYB;QXI2
YJYB;GJN6
C8FB;ZCCB
A1TS;TUST
UJCT;SAR5
UJCT;D1MJ
UJCT;MUWW
UJCT;XRIU
GQKQ;CIM6
C7EC;E6MO
ZCOE;JKVU
ZCOE;S3QI
RRCW;AHFY
RRCW;YKGU
RRCW;DOGC
MVTM;HHNO
MVTM;UGFM
DNJ6;COUR
DNJ6;PEJC
DNJ6;NRZZ
DNJ6;XBUE
DNJ6;WNB2
DNJ6;NVJM
DNJ6;JNYX
DNJ6;XVFG
DNJ6;W5VS
UOUA;ZJBR
UOUA;KSSP
UOUA;E2MS
UOUA;MHY7
UOUA;BEG6
UOUA;T8S5
PYIH;UEL6
X6FV;AIWC
X6FV;IMHL
X6FV;MBJ8
X6FV;AZGW
X6FV;I5WJ
QINJ;QMIY
QINJ;EVVW
QINJ;ACSJ
QINJ;U5GF
QINJ;OKAW
QINJ;LQHR
QINJ;V1KN
QINJ;SGZ4
QINJ;B0ZM
ERZB;QIHY
ERZB;U3W0
ERZB;F1SA
ERZB;KYYW
ERZB;VBQ0
ERZB;SUGL
ERZB;BCFO
ERZB;YEG1
ERDJ;P0W0
ERDJ;RLSP
ERDJ;B4II
ERDJ;YNGN
ERDJ;VYRO
X9RU;TSAU
X9RU;CMSS
SWQD;H4RA
SWQD;PJE4
SWQD;YETW
D4A2;N2XI
IKI2;ALTF
IKI2;PZZX
J3RP;QECM
J3RP;M1HL
E7UK;B3N2
E7UK;EUAE
E7UK;TZSS
WXVC;F0ZG
WXVC;L6TF
J7IB;VOXJ
IIMO;K7G5
IIMO;DDFW
IIMO;CEC2
IIMO;CAEO
IIMO;O5K3
IIMO;QKVG
IIMO;LPJK
IIMO;RGFW
IFMS;NNH6
L4I8;IKLU
L4I8;MSEZ
L4I8;OGRH
L4I8;HCVP
L4I8;SGZ4
L4I8;KUHW
WUE5;Q7EM
WUE5;MGQX
WUE5;P5J2
WUE5;HXRN
WUE5;KHA8
WUE5;QJUE
WUE5;Y1ZR
WUE5;S5SW
WUE5;XYDT
C7U9;NAJS
C7U9;YTGZ
C7U9;CJQJ
C7U9;EVVW
C7U9;WUF3
C7U9;OYWT
C7U9;U2LA
C7U9;RPU6
GLDR;CJHF
GLDR;JTOH
IBAS;Y1ZR
G0KC;JTOH
G0KC;STQQ
G0KC;TTQQ
G0KC;PGGQ
G0KC;SPKX
G0KC;LIWB
G0KC;G9VP
LXH3;FBTY
OKZW;BNNZ
OKZW;QTWY
OKZW;JTOH
OKZW;R0EI
OKZW;G5XB
FMYD;UPGB
FMYD;HAAG
FMYD;VUBK
LOEV;TEH0
LOEV;AAJR
XQH2;GZS0
XQH2;ANKJ
XQH2;IVLH
A3XQ;U1VP
Q6LD;ZUVV
Q6LD;JLF8
Q6LD;I5WI
Q6LD;G7RL
Q6LD;BIX0
Q6LD;KRJ8
SOTP;P9RG
JKVU;R4EO
JKVU;S3QI
UYMJ;YOJS
UYMJ;XKUX
M6FM;RAHN
M6FM;XGSV
M6FM;PBUD
M6FM;E6KU
M6FM;CLLP
M6FM;VNM7
M6FM;LRIO
R6ET;NSF3
JTOH;SPKX
JTOH;MZDP
JTOH;NSF9
JTOH;CJHF
JTOH;EAIU
JTOH;QTWY
Q0JK;JTKE
Z7A1;HCVP
L8BG;NKEL
L8BG;TUST
XVA4;USBJ
XVA4;QAAY
XVA4;P7O6
U3W0;M6QA
U3W0;BCFO
UYNO;DIJ3
UYNO;UMAD
UYNO;KLA7
RBYO;XYWN
RBYO;NBRL
BDDP;O3XG
FVYE;FUBN
FVYE;V5B5
FVYE;UXWF
FVYE;IKGN
FVYE;RYB4
FVYE;QHJ1
FVYE;QYHF
FVYE;NZBG
NUO2;USBJ
NUO2;QAAY
I1FG;W8TB
I1FG;LDCT
I1FG;W8HJ
I1FG;NEW1
I1FG;YGFY
I1FG;OMT4
XUZS;CWJG
XUZS;FIPN
N8HB;ZKWF
D7TS;VQBO
D7TS;JSRU
D7TS;S1H8
UCVS;WBKV
UCVS;E9L5
UCVS;EYLF
UCVS;DOEA
UCVS;ENBP
UCVS;GVJO
P4GK;GVJO
JAI8;SHYM
JAI8;L4HQ
JAI8;DPE4
JAI8;N7C6
JAI8;LMMR
E9IX;QWH1
E9IX;A5SN
E9IX;KIAF
Z8TT;GQRK
W5SF;ROXS
DIOK;JMG3
H7OC;RLAI
H7OC;IVKY
H7OC;HUB0
H7OC;PGS9
W8TB;OMT4
W8TB;W8HJ
W8TB;LDCT
W8TB;NEW1
W8TB;YGFY
KCHV;MUWW
KCHV;NYXX
KCHV;NUDH
KCHV;PDG5
KCHV;CZDP
KCHV;L0VD
RKHF;W7HS
RKHF;RSHN
RKHF;CBWD
RKHF;JDUB
W8GA;I2IC
W8GA;UXWF
W8GA;FCLC
W8GA;T7Z4
W8GA;CWVB
PIQP;PDRT
PIQP;QYX9
OUY3;P5P9
OUY3;QMIY
OUY3;B0AR
Y8GY;YKPT
Y8GY;A9PJ
XRMX;AVN7
QYX9;TEJ5
QYX9;N7UQ
QYX9;CAEO
QYX9;M5ET
QYX9;MMO5
QYX9;G6XT
QYX9;NVW6
QYX9;QKVG
QYX9;I6L8
QYX9;PEGA
QYX9;QCU3
QYX9;URA4
K7G5;O5K3
K7G5;CAEO
K7G5;RGFW
K7G5;DDFW
LIWB;SPKX
LIWB;TTQQ
LIWB;VBM7
V7VM;PRWN
V7VM;YTE0
V7VM;HCVP
V7VM;EZQM
LMMR;L4HQ
WZM7;STF3
PGS9;RAWI
PGS9;RLAI
PGS9;O1A1
PGS9;M6YH
PGS9;IVKY
KGA3;FUU0
VYT2;RQUQ
VYT2;SYML
VYT2;UIVX
VYT2;YWCZ
VYT2;R4EO
VYT2;VUBK
VYT2;L6M5
VYT2;ROSR
VYT2;ZILN
MGQX;EKUW
MGQX;Q7EM
MGQX;QJUE
MGQX;Y1ZR
XUV9;UGFM
OTWX;BJUJ
OTWX;M6HI
JXHY;IHKC
JXHY;R0BW
WNOJ;U9TZ
WNOJ;LUQU
WNOJ;SAGM
RKY5;EBJ6
RKY5;W6JA
RKY5;TCYA
RKY5;A2MK
RKY5;STF2
RKY5;UVRR
RKY5;MOCK
RKY5;A6NC
RKY5;A2CK
RKY5;V0R5
RKY5;PMA5
RKY5;O8UB
RKY5;QTMI
RKY5;DJF2
O7ZN;OKYE
O7ZN;VAT4
O7ZN;RWO0
CAEO;O5K3
CAEO;RGFW
CAEO;DDFW
CAEO;H4E2
IWDP;XXJP
IWDP;S2GY
YYYC;M0TT
FUJI;L6TF
FUJI;F0ZG
FUJI;E6PS
JCPR;PRWN
TKLP;GTCM
TKLP;T0KS
TKLP;P7Q7
TKLP;LTCD
TKLP;H8KP
TKLP;W5EZ
B3N2;T6QF
B3N2;UDKQ
B3N2;CXX7
B3N2;P0K0
B3N2;LOJ7
B3N2;P8FT
B3N2;GGDU
B3N2;GSMI
B3N2;DIPE
B3N2;W4B4
B3N2;RLLT
B3N2;O3K7
B3N2;L7G4
B3N2;R6XZ
B3N2;ZULJ
B3N2;O2ZO
B3N2;DYOI
B3N2;WVP1
B3N2;N7GM
B3N2;AVN7
B3N2;NVY4
B3N2;AANA
B3N2;H4MZ
B3N2;EUAE
AZGW;MBJ8
AZGW;AIWC
LKV1;ZDXR
EAKD;WQPN
EAKD;H5GB
EAKD;OLUR
EAKD;ECRR
WHN2;VTRX
WHN2;K2Q2
R9QQ;GZS0
R9QQ;MHF7
R9QQ;EHRN
R9QQ;C7MQ
R9QQ;SFH5
GSMI;AANA
XBUE;NVJM
XBUE;COUR
XBUE;W5VS
XBUE;WNB2
XBUE;XVFG
XBUE;JNYX
XBUE;PEJC
XBUE;NRZZ
FZZY;J1T4
FZZY;Z4O3
FZZY;B5MC
STGC;QTW8
STGC;VUBK
G8P8;UDFY
G8P8;JSRU
EDHZ;M6HI
EDHZ;JTPS
EDHZ;N1NT
WQPN;OLUR
WQPN;H5GB
WQPN;P2B7
WQPN;ECRR
Y0SO;MXHE
QPRG;NYF3
YTGZ;J4FO
YTGZ;WUF3
UXWF;IKGN
UXWF;V5B5
UXWF;RYB4
ZIRO;RMMJ
XQJD;R9WX
XQJD;TTQQ
XQJD;IVSD
Y9C0;O5ZW
Y9C0;FOFA
Y9C0;QYI5
VTTU;LTCD
CTGI;U1VP
CTGI;USBJ
IEMF;AANA
IEMF;BKBF
IEMF;KRZA
LOBH;ONLK
LOBH;W6C7
LOBH;OIS2
LOBH;B4V3
LOBH;FJB2
C2GG;P5AJ
LIVG;J2PU
LIVG;VAQJ
LIVG;NBC0
LIVG;KUHW
G5T6;S9UI
U0A7;S5CC
U0A7;WVDE
U0A7;U8JV
YWX7;SLEC
YWX7;CDS4
YWX7;R0JL
ZWPX;U3QS
GVG4;CWCY
SYNV;SHYM
SMBK;ZWJF
SMBK;NTZF
SMBK;W7HS
SQZC;D9DF
ZJWJ;M7NR
ZJWJ;S0J5
ZJWJ;A0QY
I0GJ;MHF7
I0GJ;MZFM
I0GJ;OVLT
PPYT;XODZ
PPYT;U9KY
PPYT;GWHP
PPYT;FQOY
PPYT;ACLM
DOJN;E6KU
PRHD;HHNO
PRHD;UGFM
U6ZO;UYNQ
A9R3;SAKK
A9R3;GCRT
N8QG;HHNO
N8QG;FHWB
N8QG;UGFM
NBRL;TNTW
NBRL;DBCK
NBRL;P9IM
NBRL;R2D9
NBRL;USBJ
NBRL;A0YX
TRPT;NSF9
TRPT;EHXF
A9TE;O5JG
A9TE;C2HP
A9TE;ITJ6
NUHD;E6PS
TUST;JHQ2
YEGQ;UGFM
YEGQ;HHNO
QXVU;YKGU
KUHW;QMIY
KUHW;NBC0
KUHW;BGMC
KUHW;VAQJ
KUHW;KLA7
KUHW;OGRH
KUHW;IKLU
KUHW;B3SH
KUHW;NIBZ
KUHW;J2PU
KUHW;O7Z2
KUHW;OYWT
KUHW;HCVP
KUHW;MSEZ
EHKM;VLO6
EHKM;MVSQ
EHKM;QYOV
EHKM;E3SD
AOTQ;UGFM
AOTQ;HHNO
KHGR;ONTA
L6M5;VUBK
L6M5;ROSR
L6M5;SYML
L6M5;R4EO
L6M5;YWCZ
J2PU;VAQJ
J2PU;O7Z2
J2PU;BGMC
J2PU;SYT7
J2PU;HCVP
RWO0;OKYE
RWO0;VAT4
Q8JD;JSRU
Q8JD;U2IB
YKGU;P7BH
YKGU;LKVP
RSV1;K6R9
RSV1;NKEL
SHFN;TGRW
SHFN;EPXG
O4LV;B4V3
XAZ1;ALZN
XAZ1;J3KG
XAZ1;IJIT
XAZ1;PHMI
XAZ1;LDCT
XAZ1;G9LG
XAZ1;BKBF
DOWF;FJPS
DOWF;GRJP
QCU3;QKVG
QCU3;MMO5
QCU3;M5ET
YJI0;NKEL
ZULJ;M9S2
ZULJ;O3K7
WMAP;EXD1
WMAP;LQHR
WMAP;LPXQ
WMAP;OXMX
WMAP;SGZ4
WMAP;B0ZM
SPKX;MZDP
W7L8;XVJO
W7L8;FUU0
QMVP;S6VB
QMVP;DJF2
B2QN;XSUD
B2QN;UTRK
RLSP;YMJO
RLSP;P0W0
RLSP;RPFC
SQKC;W6C7
CZVF;C7WW
KVDH;LGCV
U0U3;JPKB
U0U3;INPA
U0U3;ZBM2
U0U3;MYGI
IHFX;FHK6
IHFX;M6YH
IHFX;H7YT
IHFX;FEB0
IHFX;BKD7
IHFX;K7Z2
IHFX;B7RG
IHFX;IYS3
OLHR;PVR6
OLHR;R7U0
OLHR;UFYB
WVLM;XAH1
WLO7;OKFF
W1VC;FUU0
INQJ;HCDF
INQJ;AKM7
INQJ;SEIC
INQJ;JECX
INQJ;ZXVH
INQJ;FPJS
INQJ;AAJR
INQJ;CIM6
P1OI;HCVP
L4GE;EVVE
IRU4;CWJG
IRU4;N0PI
IRU4;MCZ6
IRU4;CMSS
IRU4;ROXS
IRU4;DPE4
R3Y5;N2XI
K2CK;JXKG
K2CK;TAER
K2CK;UTRK
K2CK;T8S5
ENV4;N2XI
ENV4;AMUW
BKD7;FEB0
BKD7;B7RG
BKD7;K7Z2
BKD7;IYS3
BKD7;H7YT
RNUQ;PRWN
RNUQ;JSRU
RNUQ;E3IL
RNUQ;UDN0
RNUQ;B7W7
RNUQ;S1H8
RNUQ;B3ER
RNUQ;UDFY
N2PM;LUQU
N2PM;U9TZ
J4FO;NAJS
J4FO;WUF3
J4FO;RPU6
J4FO;HMIA
J4FO;ULVM
J4FO;U2LA
J4FO;CJQJ
FQZ2;ZUVV
FQZ2;MMVG
FQZ2;KRJ8
Z4X6;Z0HZ
QEXK;DRRO
QEXK;XYWN
VFEW;ALSW
WMLP;BKBF
WMLP;IJIT
Y7RG;ZYJH
Y7RG;VYWB
Y7RG;IJHA
Y7RG;RLWX
Y7RG;C5RU
Y7RG;YTI7
GVJO;WBKV
GVJO;EYLF
GVJO;J2OX
GVJO;E9L5
QIHY;XIDG
J4PC;JLXO
KSSP;T8S5
KSSP;E2MS
KSSP;DDCU
KSSP;MOXB
KSSP;THK3
PQU9;TTQQ
PQU9;AHD1
PQU9;R8OZ
PQU9;G9VP
PQU9;I8YK
UYNQ;EEMX
UYNQ;I7AU
UYNQ;I6OK
JKKK;S1WU
ZJFR;F1SA
HTDP;C9NB
PJE4;YETW
PJE4;H4RA
OZO6;KKFH
XFHV;MVMD
XFHV;OFO5
TZB0;UGFM
AMUW;N2XI
YTMZ;EIND
YTMZ;UYL7
YTMZ;VUBK
AOW5;BINF
AOW5;O5JG
AOW5;AJW7
AOW5;UGFM
XGYH;UDFY
XGYH;JSRU
BBDQ;D9DF
YLXB;UBUJ
YLXB;HHO2
YLXB;EVX9
YLXB;WWJO
YLXB;WNCX
YLXB;TNE8
BQPB;EWW7
S2GY;OFO5
S2GY;XXJP
S2GY;V1XN
TRGP;KQXV
Y9PC;D1O6
ONLK;OIS2
ONLK;TPV2
ONLK;W6C7
ONLK;WOX5
ONLK;B4V3
ONLK;L7ML
ONLK;QOIJ
ITM0;EUQ6
ITM0;Z3LG
ITM0;VCAK
ITM0;WNB2
R3ZV;XAH1
R3ZV;TNTW
OFYU;BEG6
OFYU;RRLN
FWE0;HHNO
FWE0;UGFM
O5X1;JSRU
O5X1;NYF3
O5X1;S1H8
SCGE;M0TT
SCGE;VJF9
SCGE;T8S5
SCGE;JXKG
SCGE;I5HV
R9WX;IVSD
R9WX;TTQQ
CALH;B8QL
CALH;O5P1
CALH;E7AN
UKYY;CLLP
UKYY;KCER
J2OX;ENBP
TEXL;MYU2
TEXL;SYT6
TEXL;VCJZ
TEXL;MLF4
A2I7;UUIV
L0RY;INPA
L0RY;W5EZ
L0RY;LTCD
L0RY;H8KP
L0RY;ZBM2
NAJS;E6MO
NAJS;WUF3
L1PP;EPXG
L1PP;TQPJ
ZJBR;FUU0
ZJBR;E2MS
ZJBR;T8S5
EGCP;NCAN
EGCP;J5WG
FSKQ;RAC5
FSKQ;UKAE
YEG2;LRJV
YEG2;L8Z6
YEG2;UMOG
YEG2;WGTD
U7C8;BKBF
RAWI;O1A1
S3QI;R4EO
YKPT;R5OR
YKPT;CEYR
YKPT;A9PJ
YKPT;BCFO
QYHO;ALYN
WGTD;ZWL5
G9LG;WUVB
G9LG;BKBF
G9LG;LDCT
G9LG;IJIT
G9LG;ALZN
G9LG;PHMI
G9LG;J3KG
VLO6;QYOV
VLO6;E3SD
YCCF;FCLC
HHO2;UBUJ
HHO2;WWJO
HHO2;WNCX
HHO2;TNE8
HHO2;EVX9
QLC4;YTE0
QLC4;D9DF
QLC4;EVVW
QLC4;O0O0
QLC4;GYCN
QLC4;EZQM
QLC4;HCVP
QLC4;SGZ4
QLC4;B0ZM
C9N6;JHBL
C9N6;NYLE
A2MK;STF2
A2MK;A6NC
A2MK;UVRR
A2MK;A2CK
A2MK;EBJ6
NGXZ;USBJ
RME7;BTF9
O5P1;E7AN
O5P1;E3XY
AIP6;EVVE
WNB2;EUQ6
WNB2;NVJM
WNB2;NRZZ
WNB2;W5VS
WNB2;NIFP
WNB2;VCAK
WNB2;Z3LG
WNB2;D3JX
WNB2;PEJC
WNB2;XVFG
WNB2;TBPO
WNB2;W6GJ
WNB2;FBTY
WNB2;NFIV
WNB2;COUR
WNB2;JNYX
WNB2;S6MU
W5VS;NRZZ
W5VS;COUR
W5VS;PEJC
W5VS;JNYX
W5VS;XVFG
W5VS;NVJM
A5DR;GIFI
A5DR;TACQ
A5DR;E1IK
N9YF;U1VP
M5ET;QKVG
M5ET;MMO5
FHBZ;TFQU
HWEC;JVW2
CWVB;W2KS
CWVB;FCLC
CWVB;T7Z4
CWVB;B9WA
YDLR;P9QM
YDLR;BKBF
N7UQ;QKVG
N7UQ;MMO5
G6V3;U0V8
E7OA;E6PS
E7OA;L6TF
E7OA;F0ZG
AUL9;RCH1
AUL9;NYHB
AUL9;RPFC
AUL9;KVUU
S6VB;D6CQ
S6VB;MOCK
S6VB;DJF2
HAWG;CDS4
HAWG;E4U3
HAWG;RVUI
BEG6;ASVW
BEG6;HPH0
BEG6;E2MS
BEG6;JXKG
BEG6;T8S5
BEG6;FUU0
LQAR;X2RY
LQAR;MBDX
I5WI;ZUVV
I5WI;KRJ8
I5WI;G7RL
I5WI;JLF8
I5WI;BIX0
QYHF;V5B5
OVE9;UGFM
V5B5;QHJ1
V5B5;IKGN
V5B5;RYB4
FBET;Z7AN
FBET;QTMI
TYKI;E0ZT
TYKI;ORBM
TYKI;EHE2
TYKI;RUPA
O3K7;M9S2
ZWKP;OLUR
ZWKP;XOYZ
ZIBG;E3XY
ZIBG;BKSV
GJN6;TMPA
QWH1;UYL7
P1OX;HCVP
VKP8;JVW2
VKP8;PNNJ
VKP8;QFS8
VKP8;VNAW
VKP8;F3XS
FJWP;GSY8
FJWP;K4NO
OUKR;S1H8
ZFT3;WQYL
XYPE;XHU3
XYPE;P6Z5
XYPE;HRWN
XYPE;EUJQ
LTCD;W5EZ
LTCD;ZBM2
LTCD;H8KP
LTCD;GTCM
LTCD;INPA
IFX7;N2XI
UDN0;JSRU
UDN0;S1H8
ECRR;H5GB
ECRR;H4RA
D4UX;Y9Y7
VAQJ;EVVW
VAQJ;BGMC
VAQJ;O7Z2
VAQJ;F4DK
VAQJ;NBC0
VAQJ;HCVP
Q9TE;QOIJ
Q9TE;DSUR
UDX0;FES8
UDX0;CHOU
UDX0;USBJ
SQFY;GZS0
SQFY;IVLH
D9XS;UKLB
D9XS;PZQB
D9XS;MJTJ
A6NC;EBJ6
A6NC;STF2
A6NC;UVRR
A6NC;A2CK
ZUVV;KRJ8
ZUVV;JLF8
ZUVV;MMVG
ZUVV;BIX0
ZUVV;G7RL
H8YB;QOIJ
H8YB;CMSS
LYJM;MBDX
LYJM;VNAW
LPKV;HHNO
LPKV;UGFM
DIPE;GDJ7
DIPE;YGPY
DIPE;CFRO
BKBW;VBQ0
BKBW;BCFO
HXRN;KHA8
HXRN;B0AP
HXRN;QJUE
HXRN;Y1ZR
KHA8;Q7EM
KHA8;HBE6
KHA8;S5SW
KHA8;EKUW
KHA8;QJUE
KHA8;Y1ZR
R8OZ;G9VP
R8OZ;AHD1
R8OZ;TTQQ
R8OZ;I8YK
V0R5;PMA5
V0R5;A2CK
V0R5;QTMI
V0R5;AJNA
V0R5;IVLH
V0R5;DJF2
V0R5;W6JA
V0R5;TCYA
V0R5;O8UB
V0R5;MOCK
TVMT;HHNO
TVMT;UGFM
Z0WL;G8FQ
Z0WL;GAW3
Z0WL;TTEX
Z0WL;FMO9
ZTCH;RPFC
ZTCH;HAP6
JCPW;NKEL
QJL4;DUR6
QJL4;K4XY
Y0YY;CXJ2
C5RU;RLWX
C5RU;ZYJH
C5RU;YTI7
C5RU;NCAN
C5RU;VYWB
C5RU;IJHA
NUDH;D2K5
NUDH;NYXX
NUDH;PDG5
NUDH;A1R4
NUDH;U2HB
MUWW;D1MJ
MUWW;STQQ
MUWW;TTQQ
MUWW;XRIU
MUWW;SAR5
DBU7;JHBL
RVUI;CDS4
RVUI;E4U3
KCER;CLLP
WRXP;TFQU
QLG9;ONTA
QLG9;P9OJ
BNZW;ALYN
NMVV;KPSP
NMVV;NOA1
NMVV;OGD4
R5OR;BCFO
R5OR;GCV9
XIDG;YEG1
XIDG;Q3GE
XIDG;J0JR
XIDG;XKIM
NRZZ;NVJM
NRZZ;COUR
NRZZ;PEJC
NRZZ;JNYX
NRZZ;XVFG
Q8NP;W2KS
Q8NP;R0JL
C7GI;HCVP
OGAR;U2LA
OGAR;HCVP
TFQU;FIAK
OTD3;FSAR
OTD3;E0IL
OTD3;KMFK
OTD3;OBQ0
D2K5;XJZP
D2K5;NYXX
D2K5;PDG5
RUPA;E0ZT
RUPA;EHE2
ZAMT;KJAH
LUC0;UAS0
GNGV;CILD
GNGV;GWHP
CILD;T0XB
CILD;SJKV
CILD;LHUG
CILD;T0V8
CILD;HZAB
CILD;GWHP
E6PS;HUC1
E6PS;L6TF
SWQO;QOIJ
SWQO;DSUR
H5GB;H4RA
H5GB;PGLP
H5GB;JIJZ
G6LR;HPYF
G6LR;QPTN
NYLE;CLLP
NYLE;YGL8
NYLE;JHBL
NYLE;E3O2
HXWE;F3F2
H9AT;CDYQ
PDG5;U2HB
PDG5;A1R4
IKLU;HCVP
IKLU;KLA7
IKLU;OGRH
IKLU;S0AG
IKLU;G2PS
IKLU;DBH2
IKLU;SGZ4
USBJ;XAH1
USBJ;VGYE
USBJ;L0VD
USBJ;QAAY
USBJ;P7O6
USBJ;VRHJ
H4RA;IGHU
H4RA;JIJZ
H4RA;YETW
H4RA;EWW7
OVQ5;FCLC
OVQ5;CDS4
Y1ZR;S5SW
Y1ZR;KRQS
Y1ZR;VUBK
Y1ZR;G4A4
Y1ZR;A0DB
Y1ZR;IODI
Y1ZR;RRAX
Y1ZR;QJUE
Y1ZR;LQBA
Y1ZR;UYA2
Y1ZR;NKJH
Y1ZR;EKUW
Y1ZR;B0AP
Y1ZR;XYDT
Y1ZR;BVEZ
Y1ZR;LZD7
Y1ZR;P5J2
Y1ZR;Q7EM
Y1ZR;AAMO
XIXB;UTRK
S5CC;WVDE
S5CC;U8JV
HUC1;H4J9
HUC1;E9NQ
HUC1;N7QC
HUC1;MWEN
CIM6;Q1EI
CIM6;EPXG
CIM6;VNB7
CIM6;DXDJ
CIM6;JEB2
CIM6;LWPH
MYGI;INPA
MYGI;W5EZ
QTMI;O8UB
QTMI;W6JA
QTMI;DJF2
QTMI;PMA5
QTMI;MOCK
QTMI;Z7AN
WVDE;U8JV
WVDE;C7WW
QOIJ;LUQU
QOIJ;WOX5
QOIJ;DSUR
QOIJ;L7ML
QOIJ;AXJH
QOIJ;OHJO
QOIJ;GGN0
QOIJ;E3XY
QOIJ;C8AF
QOIJ;NGTJ
QOIJ;BKSV
QOIJ;SHYM
QOIJ;U9TZ
QOIJ;KMDI
QOIJ;KXDS
QOIJ;L9TA
QOIJ;TPV2
QOIJ;U4OW
QOIJ;CMSS
MHY7;T8S5
VUX7;QHHJ
VUX7;O7DM
PMA5;AJNA
PMA5;W6JA
PMA5;O8UB
PMA5;A2CK
PMA5;DJF2
PMA5;MOCK
PMA5;TCYA
KVSB;UYA2
KVSB;K2Q2
KVSB;HSV7
KVSB;ZPSI
IOBG;V7GZ
D9DF;KGR0
D9DF;EXD1
D9DF;HCVP
D9DF;RPU6
D9DF;U2LA
VMRM;YQJU
HRFT;TRLM
Q6M8;M6HI
Q6M8;N6VN
WZH0;PXWQ
WZH0;YDDR
TNE8;ZCCP
TNE8;UBUJ
TNE8;WWJO
TNE8;EVX9
TNE8;IJJF
MMVG;KRJ8
YFBY;M6HI
YFBY;R5W3
YFBY;QPYI
YFBY;RMMJ
YFBY;L0BM
YFBY;TKIO
F1SA;VBQ0
F1SA;LDQB
F1SA;BCFO
F1SA;CHRE
F1SA;KYYW
VQB2;W4B4
VQB2;WNPW
X2KA;J1C5
K6R9;NKEL
K6R9;HUB0
K6R9;OQOE
K6R9;N9NE
VYWB;RLWX
VYWB;ZYJH
VYWB;YTI7
VYWB;IJHA
WNAP;ALYN
I0AK;NKEL
TVBV;K7XD
TVBV;MNRG
GDJ7;YGPY
CBWD;JDUB
CBWD;W7HS
CBWD;RSHN
GAW3;NZKN
GAW3;UPGB
QYOV;E3SD
NIBZ;EVVW
NIBZ;HCVP
NIBZ;OKAW
NIBZ;V1KN
NIBZ;LQHR
NIBZ;SGZ4
U2PR;YNSN
U2PR;LZQT
U2PR;O7V4
K4WY;QPTN
UMD6;SNLT
WPKG;KMFK
OGGB;ORBM
MJCH;P5P9
MJCH;QMIY
MJCH;B0AR
O7V4;ROSR
O7V4;VUBK
J6VA;J1C5
BWC1;H3WS
BWC1;SCZK
CFWY;YPOA
CFWY;XEDS
RFP2;IOMQ
RFP2;P0WC
RFP2;Q2XN
RFP2;ASOU
M6QU;R7U0
IAVD;UYL7
ZBM2;INPA
ZBM2;H8KP
ZBM2;W5EZ
R5W3;RMMJ
R5W3;M6HI
R5W3;L0BM
HPYF;L3UU
HPYF;YXRG
HPYF;HPNN
VNLX;PFPH
VNLX;BUPT
VNLX;VVDC
ZBIE;LKVP
NSF9;FAHN
NSF9;QTWY
PHGL;U5LE
PHGL;G4A4
MLF4;MYU2
MLF4;VCJZ
MLF4;J1T4
MLF4;SYT6
FMO9;NZKN
FMO9;UPGB
ITWD;N2XI
ITWD;IIEA
ITWD;SIB1
XKIM;RQEP
XKIM;J0JR
XKIM;YEG1
QNF6;LKVP
RYB4;IKGN
H7YT;IYS3
H7YT;B7RG
H7YT;FEB0
H7YT;K7Z2
OHPM;LHG7
OHPM;N2XI
KYSK;WLL3
YZQE;VUBK
NZBG;LFZ2
VIZL;N7YV
VIZL;YNGN
VIZL;B8RC
VIZL;D4BU
CTEV;ZEKE
CTEV;DWN8
UQNH;HHNO
ODLW;P1B0
ODLW;S8H7
ODLW;DZVS
N1NT;JTPS
MBDX;VNAW
B8EW;EVVW
B8EW;LPXQ
B8EW;U2LA
B8EW;OYWT
B8EW;HCVP
B8EW;LQHR
B8EW;SGZ4
B8EW;B0ZM
UBUJ;WNCX
UBUJ;EVX9
UBUJ;WWJO
QISO;JIJZ
LCCO;S3R8
DJU0;O5IK
R0BW;IHKC
NNUJ;LKVP
YEZT;UAS0
YEZT;T7Z4
YEZT;FCLC
L0BM;RMMJ
L0BM;TZBV
L0BM;ZSRS
L0BM;CYGP
L0BM;S4OA
LPXQ;EVVW
LPXQ;HCVP
LPXQ;LQHR
LPXQ;OKAW
LPXQ;V1KN
LPXQ;SGZ4
LPXQ;B0ZM
P9QM;BKBF
B7W7;JSRU
T5HB;S4OA
T5HB;F9JA
T5HB;PGEC
YPOA;B3SH
YPOA;V7SG
YPOA;EWYB
YPOA;DQEW
YPOA;GLKT
WUF3;E6MO
WUF3;AKQG
PPUY;W6GJ
ASOU;Q2XN
ASOU;P0WC
ASOU;IOMQ
OQGF;JSRU
SNLT;UULX
KMFK;UUIV
KMFK;E0IL
TTEX;NZKN
TTEX;UPGB
E2MS;T8S5
BHEH;Z4KY
NCNP;BCFO
E3IL;JSRU
E3IL;S1H8
O5JG;GVJ1
O5JG;C2HP
O5JG;JMG3
EZQM;EVVW
EZQM;LQHR
EZQM;EXD1
EZQM;O0O0
EZQM;FUUP
Z5EU;OPOE
R9VG;DMAA
OXMX;EVVW
OXMX;U2LA
OXMX;HCVP
OXMX;LQHR
OXMX;OKAW
OXMX;V1KN
OXMX;SGZ4
OXMX;B0ZM
MHBN;S9UI
MHBN;F3F2
MHBN;DLV8
OKFF;INPA
JHBL;E3O2
JHBL;PAE0
S0J5;PMQA
S0J5;OBQ0
NUDZ;QKVG
NUDZ;MMO5
JDUB;W7HS
JDUB;RSHN
ALZN;J3KG
ALZN;BKBF
ALZN;LDCT
L4S6;E5RO
ACSJ;U5GF
KRS2;UYL7
HHNO;ELL3
HHNO;CGIN
HHNO;UGFM
HHNO;FHWB
HHNO;HAT4
HHNO;LVVG
HHNO;SOO9
HHNO;QQX1
HHNO;BINF
HHNO;AJW7
XJFB;T8S5
XJFB;TAER
ZDKP;IGHU
ZDKP;N9BJ
SJKV;HZAB
S8H7;P1B0
S8H7;DZVS
UJDJ;OPOE
UJDJ;F3TK
DYNV;PRWN
WEP8;LQBA
W5JW;PRWN
DUR6;I7BT
DUR6;IHKC
DUR6;DWSC
P6Z5;HRWN
P6Z5;XHU3
P6Z5;EUJQ
PXWQ;H3WS
PXWQ;YDDR
NBC0;EVVW
NBC0;BGMC
NBC0;O7Z2
NBC0;HCVP
UMPF;QDVF
V2HQ;AMK7
O5K3;RGFW
O5K3;DDFW
P9OJ;ONTA
G9VP;AHD1
G9VP;I8YK
L6TS;YAHQ
SUGL;BCFO
YSWQ;LDCT
T8S5;XSUD
T8S5;LDDO
T8S5;HPH0
T8S5;UTRK
T8S5;M0TT
T8S5;JXKG
T8S5;QDH9
T8S5;VJF9
T8S5;I5HV
T8S5;RRLN
OGD4;NOA1
OGD4;KPSP
N6Z1;PNNJ
N6Z1;JECX
DCC4;VZD8
SEIC;ZXVH
SEIC;AKM7
SEIC;FPJS
SEIC;AAJR
SEIC;HCDF
EEC2;PRWN
ALYN;G7RL
ALYN;C8XL
ALYN;NGUZ
ALYN;GZS0
ROSR;R4EO
ROSR;VUBK
ROSR;YOKL
ROSR;YWCZ
ROSR;SYML
BXW0;E5RO
ANZL;QMIY
ANZL;P5P9
AIWC;MBJ8
AIWC;IMHL
QIFV;CXJ2
QIFV;XZYF
HYVO;J1C5
A2Y7;R8L4
A2Y7;GGN0
BSZW;B3SH
AJW7;LVVG
AJW7;UGFM
AJW7;FHWB
AJW7;RKQ2
AJW7;BINF
I2MN;T0XB
CZDP;P7O6
CZDP;TNTW
CZDP;L0VD
CZDP;XAH1
V7GZ;TUSW
V7GZ;ZCCP
YAHQ;R2D9
USZI;SIB1
USZI;N2XI
YEG1;J0JR
FAHN;MZDP
ABZM;XKUX
LGG5;INPA
LGG5;PLOH
E5XQ;R2D9
E5XQ;WSTT
YDDR;H3WS
SHYM;L4HQ
SHYM;JECX
SHYM;HKKN
CLZX;VUBK
YTI7;NCAN
YTI7;RLWX
YTI7;IJHA
YTI7;ZYJH
DOGC;JGV9
CLLP;YGL8
CLLP;VNM7
YNEK;VZD8
UEL6;L5AX
PKVO;QGLC
PKVO;U0V8
PKVO;C9NB
PKVO;MVXR
PKVO;E1IK
PKVO;GWYA
EUQ6;VCAK
EUQ6;Z3LG
EXO4;SUJI
EXO4;LMX5
GKPC;VUBK
GKPC;UYL7
STF2;UVRR
STF2;EBJ6
STF2;A2CK
NPRS;DEZM
PEGA;QKVG
PEGA;MMO5
B9WA;JLXO
LPJK;TMNM
PMJM;CXJ2
PMJM;XZYF
YJWY;ZDXR
N9BJ;VUBK
N9BJ;RQUQ
N9BJ;IGHU
N9BJ;UYL7
V8MF;N2XI
D1O6;B3SH
D1O6;U1X5
D1O6;GLKT
D1O6;EWYB
D1O6;U2LA
N7YV;D4BU
U4OW;GWYA
U4OW;KXDS
U4OW;OHJO
U4OW;FXAD
U4OW;KXQG
G6YC;JSRU
G0VU;IGHU
SVPP;A5ME
E0GF;NYHB
E0GF;SMWZ
W4NI;N2XI
RPFC;P0W0
RPFC;HAP6
JPFY;JSRU
JPFY;NYF3
TRLM;TGRW
MVEZ;WBTX
MVEZ;I1N7
S1YP;OGMN
FEB0;IYS3
FEB0;B7RG
FEB0;K7Z2
OTKC;KPSP
OTKC;GIFI
KPBL;L8Z6
KPBL;UMOG
KPBL;LRJV
B5MC;J1T4
B5MC;Z4O3
LQVN;KXQG
NVJM;JNYX
NVJM;PEJC
NVJM;COUR
NVJM;XVFG
ZMMP;JVW2
B8Y4;BCFO
CAMO;N2XI
CAMO;SIB1
KQXV;TGRW
OBQ0;FSAR
OBQ0;PMQA
GRJP;Y9Y7
GRJP;HPOZ
GRJP;KJAH
XHU3;HRWN
XHU3;EUJQ
QREW;JXIU
QREW;QIET
QGLC;MVXR
QGLC;GWYA
RSHN;SGZ4
RSHN;OYWT
RSHN;W7HS
RSHN;B0ZM
RSHN;LQHR
TWJ2;UMOG
EVX9;WNCX
S1H8;U2IB
S1H8;VQBO
S1H8;ZWD6
S1H8;OMTQ
S1H8;CXX7
S1H8;O5IK
S1H8;B3ER
S1H8;UDFY
PZZX;T0XB
PZZX;LHUG
PZZX;S1WU
PZZX;ALTF
K4NO;GSY8
QYAY;E0LH
QYAY;JSRU
CKNE;AOMR
CKNE;TYW2
TZSS;H4MZ
TZSS;T6QF
TZSS;EUAE
O5IK;UDFY
S0F2;DBH2
E6YM;PNNJ
E6YM;F3H5
E6YM;O1ZY
E6YM;V8N4
E6YM;M1H5
UMOG;DSFF
UMOG;LRJV
UMOG;L8Z6
UMOG;ZWL5
IVKY;RLAI
P7O6;BNRU
P7O6;XAH1
P7O6;TNTW
TNTW;L0VD
TNTW;VVDQ
TNTW;XEC4
M0TT;VJF9
T8T7;OKOT
ANKJ;GZS0
ANKJ;IVLH
PHMI;IJIT
PHMI;BKBF
JVNO;KVUU
BKBF;WUVB
BKBF;IJIT
BKBF;R6XZ
BKBF;MKQ6
BKBF;J3KG
BKBF;LDCT
J1F6;ZPP6
J1F6;U3QS
QLGT;C8AF
HAT4;UGFM
HAT4;QQX1
D4W1;DJF2
LEP0;TZOD
PIRB;U3CR
PIRB;CCW7
PIRB;VSIS
MGP2;EVVW
DCWV;JSRU
F9JA;S4OA
F9JA;PGEC
B4V3;W6C7
B4V3;OIS2
J1C5;CBXW
J1C5;A6AC
H2HJ;BJUJ
DJF2;MOCK
DJF2;W6JA
DJF2;QDYA
DJF2;O8UB
DJF2;A2CK
DJF2;TCYA
E1IK;U0V8
E1IK;GWYA
E1IK;GIFI
E1IK;YWK9
E1IK;C9NB
E1IK;KPSP
A0YX;DBCK
A0YX;R2D9
A0YX;YCEZ
A0YX;UXDE
C7WW;YUT3
C7WW;TXLV
BNRU;XAH1
OTIQ;VVDQ
BUPT;VVDC
BUPT;PFPH
N7C6;L4HQ
ZWD6;JWC6
ZWD6;AVN7
ZWD6;NYF3
ZWD6;ILD2
IYS3;B7RG
IYS3;K7Z2
OKOT;H3BX
OKOT;VVDC
OKOT;EWYB
OKOT;V7SG
SAR5;STQQ
SAR5;D1MJ
SAR5;XRIU
SAR5;TTQQ
MBJ8;I5WJ
MBJ8;IMHL
XJDC;QMIY
XJDC;B0AR
XJDC;P5P9
WVKF;QPTN
NOA1;CZCO
NOA1;PZRA
NOA1;KPSP
EYLF;ENBP
MMO5;QKVG
MMO5;MKBR
MMO5;N7RO
MMO5;IKKQ
MMO5;URA4
VJF9;I5HV
VJF9;JXKG
XFG7;LHG7
XFG7;WZTJ
VCF5;J5WG
O4RS;L8FK
OVLT;MZFM
OVLT;MHF7
UTRK;QDH9
UTRK;WZC5
BNNZ;G5XB
BNNZ;R0EI
UGQC;WLL3
A1R4;NYXX
A1R4;IZR2
DBCK;R2D9
DBCK;YCEZ
DBCK;UXDE
F0ZG;L6TF
EVVW;E6MO
EVVW;QMIY
EVVW;HCVP
EVVW;RPU6
EVVW;U2LA
EVVW;B3SH
EVVW;EXD1
EVVW;LQHR
EVVW;WAWF
EVVW;B0ZM
OGMN;FSAR
M9S2;P0K0
MJTJ;PZQB
MJTJ;UKLB
FUUP;TZOD
UOEP;ALSW
O1ZY;PNNJ
O1ZY;F3H5
O1ZY;V8N4
O1ZY;M1H5
DMAA;JIJZ
DMAA;CLUV
BJUJ;M6HI
QWFI;NKEL
BCFO;O5ZW
BCFO;WBTX
BCFO;GWHZ
BCFO;CEYR
BCFO;VBQ0
BCFO;CHRE
BCFO;RXVG
BCFO;A9PJ
BCFO;KYYW
HRXX;C4YM
R4EO;QDBU
R4EO;RQUQ
R4EO;VUBK
R4EO;UIVX
R4EO;YWCZ
R4EO;SYML
IZR2;U2HB
XXJP;OFO5
XXJP;W8KD
P5P9;NWLE
P5P9;QMIY
P5P9;SKU1
QAAY;VRHJ
OLUR;APEF
ORBM;VVAE
YOGB;JIJZ
JZQF;UYL7
AKM7;AAJR
AKM7;FPJS
AKM7;ZXVH
AKM7;HCDF
S4OA;PGEC
TMNM;IJJF
GMO7;IJIT
APEF;UFMW
YQJU;E9NQ
J4RI;SWJ7
J4RI;WVHW
SAGM;LUQU
SAGM;U9TZ
H4J9;ZCCB
H4J9;YBQH
LIA6;ZCCP
LIA6;XPL0
PNNJ;F3XS
PNNJ;VNAW
PNNJ;F3H5
PNNJ;V8N4
PNNJ;M1H5
AHD1;TTQQ
AHD1;I8YK
ZWJF;NTZF
ZWJF;W7HS
DZAQ;P1B0
JSRU;VQBO
JSRU;MRLB
JSRU;MVA5
JSRU;ZXL4
JSRU;IXGH
JSRU;AVN7
JSRU;UDFY
JSRU;E0LH
JSRU;JQW8
JSRU;NYF3
JSRU;B3ER
JSRU;JWC6
JSRU;CFXM
R0VS;W6JA
R0VS;AJNA
AVN7;KOP0
AVN7;QVVN
AVN7;SAKK
AVN7;IWMN
HAAG;UPGB
HAAG;G8FQ
XVJO;FUU0
KGR0;HCVP
B0ZM;SGZ4
B0ZM;O0O0
B0ZM;LQHR
B0ZM;OKAW
B0ZM;CJQJ
B0ZM;U2LA
B0ZM;OYWT
B0ZM;RPU6
O5ZW;XKR3
O5ZW;YNM6
O5ZW;QYI5
O5ZW;Y7D4
O5ZW;FOFA
VVDQ;XAH1
R1U3;VUBK
TZBV;WVHW
OIS2;W6C7
MZFM;MHF7
WBAS;TQPJ
O3WN;VYRO
S9UI;F3F2
S9UI;DLV8
TEH0;AAJR
TEH0;GSY8
KVUU;NYHB
O0O0;PRWN
O0O0;U2LA
O0O0;SGZ4
HVLZ;UULX
KMDI;C8AF
A5SN;VUBK
GFKH;U1VP
CCYO;DWSC
AAJR;HCDF
AAJR;FPJS
AAJR;ZXVH
JDXB;FTSA
JDXB;JMGT
JDXB;VSB9
JDXB;FBCX
K6H6;GCV9
S5SW;EKUW
S5SW;QJUE
N3OF;VUBK
KXDS;MRVS
KXDS;CMSS
HRWN;EUJQ
MRVS;L9TA
OYWT;E6MO
OYWT;GJUP
OYWT;U2LA
OYWT;HCVP
OYWT;LQHR
OYWT;SGZ4
QDH9;JXKG
QDH9;HPH0
QDH9;TAER
E3XY;L7ML
E3XY;NGTJ
E3XY;NOC0
GGDU;DYOI
TZLR;HBHH
ZXVH;FPJS
ZXVH;HCDF
MWEN;E9NQ
P0W0;H3WS
KYYW;VBQ0
C4DD;E6KU
IVSD;TTQQ
M6QA;GZEG
M6QA;GCV9
LPUV;U1VP
U9KY;QDVF
E0IL;FSAR
ORFF;B0LU
RPU6;E6MO
RPU6;U2LA
RPU6;HCVP
RPU6;QMIY
TEJ5;DGZQ
D1TD;B4KH
LDDO;FUU0
H4MZ;EUAE
MKQ6;IJIT
YCEZ;UXDE
YCEZ;R2D9
WBKV;RID9
WBKV;ENBP
N7GM;UDKQ
KLKY;IMHL
B7RG;K7Z2
KIAF;UYL7
KIAF;PRWN
KIAF;VUBK
KIAF;RQUQ
KIAF;OGBQ
PZQB;QPTN
PZQB;UKLB
RKQ2;UGFM
RKQ2;BINF
GSJ1;GZS0
R2D9;WSTT
R2D9;I5C6
R2D9;UXDE
H8KP;GTCM
H8KP;W5EZ
SZDH;L8FK
VSIS;U3CR
VSIS;CCW7
NTZF;W7HS
RKOK;HCVP
XRIU;D1MJ
OYFW;TQPJ
LCA7;HCVP
RRLN;JXKG
RRLN;HPH0
BPWT;U9TZ
BPWT;LUQU
JQW8;UDFY
XVFG;PEJC
XVFG;JNYX
XVFG;COUR
ZCCB;WLL3
N7RO;QKVG
F3TK;G4PB
DPE4;CMSS
DPE4;L4HQ
DPE4;XFZF
DPE4;N0PI
AANA;DYOI
CJQJ;E6MO
CJQJ;SGZ4
BKSV;KXQG
GHUB;HCVP
IJHA;ZYJH
IJHA;RLWX
JMG3;JXS1
JMG3;GVJ1
JMG3;M5X7
D4BU;B8RC
D4BU;YNGN
P1B0;DZVS
LGCV;FQEN
LGCV;YXRG
ZSY4;EVVE
EUJQ;LQHR
EUJQ;OKAW
EUJQ;V1KN
LMF1;JECX
G5XB;R0EI
SGZ4;QMIY
SGZ4;LQHR
SGZ4;U2LA
SGZ4;HCVP
SGZ4;OKAW
SGZ4;KLA7
SGZ4;F0W0
SGZ4;OGRH
SGZ4;YTE0
SGZ4;B3SH
WUVB;IJIT
FKZY;P1E6
FKZY;CQZK
RQUQ;YWCZ
G7RL;JLF8
G7RL;BIX0
G7RL;KRJ8
JXIU;U4KY
CWJG;MCZ6
CWJG;FIPN
CWJG;K7XD
CWJG;N0PI
U2HB;NYXX
UULX;JMOA
UULX;GDTH
X5HN;ZSR4
AJNA;W6JA
AJNA;MOCK
AJNA;O8UB
COYP;CMSS
LHG7;N2XI
PLOH;OWNR
PLOH;W5EZ
ZYJH;NCAN
ZYJH;RLWX
ZSRS;M6HI
EVBB;CXJ2
EVBB;XZYF
YWCZ;UYL7
YWCZ;SYML
YWCZ;VUBK
O8UB;A2CK
O8UB;W6JA
O8UB;TCYA
INPA;JPKB
INPA;WLL3
EIUH;S3R8
STQQ;HACZ
UKLB;XEEK
XKUX;YOJS
OKYE;VAT4
LDGM;TZOD
VGJM;LVZ5
QQX1;UGFM
QDYA;H4S9
ODZI;PRWN
UPGB;G8FQ
Y9Y7;WQYL
R7U0;PVR6
R7U0;UFYB
IHQ7;VUBK
IHQ7;UYL7
QHHJ;IADR
KRJ8;BIX0
KRJ8;JLF8
CLUV;JIJZ
U9TZ;B0L8
U9TZ;LUQU
U9TZ;LIJN
IOMQ;P0WC
IOMQ;Q2XN
IOMQ;XAH1
MOCK;A2CK
MOCK;W6JA
MOCK;TCYA
W8HJ;OMT4
W8HJ;LDCT
W8HJ;NEW1
W8HJ;YGFY
VVAE;CPOP
VVAE;H3JB
VVAE;S3R8
COUR;JNYX
COUR;PEJC
OQOE;GDYL
OQOE;H1W5
OQOE;W1TL
OQOE;NKEL
OQOE;NGEF
P1E6;CQZK
RLL4;REM8
RLL4;YOJS
J1T4;Z4O3
J1T4;CQFH
URA4;QKVG
NGEF;W1TL
P0WC;Q2XN
XYDT;EKUW
XYDT;XNP0
XNP0;UGFM
E6MO;U2LA
QVVN;NYF3
J3KG;LDCT
KLA7;DIJ3
KLA7;UMAD
KLA7;HCVP
GLKT;XEDS
MWEY;VUBK
NEW1;YGFY
YTE0;PRWN
FPJS;HCDF
MYU2;ZFYA
W6JA;TCYA
W6JA;A2CK
M6HI;N6VN
M6HI;TKIO
IKKQ;QKVG
YGX4;N2XI
JVW2;EVVE
RGFW;DDFW
MVXR;GWYA
MVXR;YWK9
C9ST;IGHU
IODI;LZD7
IODI;AAMO
N9NE;NKEL
CWCY;FUU0
NDLY;H4S9
H1W5;NKEL
OHAI;DXZP
CGIN;UGFM
FHWB;UGFM
FHWB;LVVG
FHWB;BINF
Z0HZ;E4YP
Z0HZ;HCVP
Z0HZ;LQHR
PFPH;VVDC
BMRN;SAKK
F3H5;V8N4
F3H5;M1H5
LFZ2;ASA1
LVVG;BINF
LVVG;UGFM
EUAE;T6QF
NYF3;P0K0
NYF3;CXX7
NYF3;U2IB
Q2GZ;YSXG
AXJH;L7ML
IJJF;JMOA
IJJF;ZCCP
IJJF;HPOZ
PEJC;JNYX
B3SH;XEDS
B3SH;QTKC
B3SH;HCVP
MQX6;P4A6
MQX6;HBHH
MQX6;J7LP
QLXL;VUBK
SAKK;CXX7
O7DM;CUXL
GYCN;PRWN
BNVP;GWHP
TTQQ;I8YK
QQJB;JIJZ
XAH1;L0VD
XAH1;XEC4
YIH9;CXJ2
YIH9;XZYF
UYL7;EVJ6
UYL7;KYLY
UYL7;WHA4
UFYB;PVR6
NZKN;G8FQ
U0V8;I1N7
U0V8;WBTX
U0V8;YWK9
U0V8;GWYA
U0V8;C9NB
CBXW;A6AC
BTF9;NVSY
BTF9;LKVP
FSAR;UUIV
LVZ5;I5C6
AFD1;U4KY
R9DE;DLV8
R9DE;B0LU
WHL6;DRRO
HHM9;LRJV
HHM9;L8Z6
B0L8;LUQU
SOO9;UGFM
TCYA;VZD8
V1XN;FST5
B0AP;QJUE
Z3LG;VCAK
LIJN;LUQU
V1KN;U2LA
V1KN;EXD1
EBJ6;A2CK
EBJ6;UVRR
N0PI;MCZ6
N0PI;ROXS
UIVX;VUBK
UIVX;EVJ6
UIVX;ZILN
GWHZ;WBTX
GWHZ;I1N7
QFS8;KELM
ENF8;HCVP
C8AF;L7ML
HCVP;QMIY
HCVP;U2LA
HCVP;GJUP
HCVP;GWQF
HCVP;LQHR
HCVP;ONTI
HCVP;EXD1
HCVP;WAWF
ZEKE;DWN8
LMX5;SUJI
WNCX;WWJO
AOMR;TYW2
QYI5;FOFA
SKU1;QMIY
SKU1;B0AR
CXJ2;KHII
CXJ2;H4S9
CXJ2;XZYF
A2CK;UVRR
MVSQ;E3SD
TACQ;GIFI
IGHU;Z4KY
IGHU;IADR
IGHU;RVRM
IGHU;FFNW
ZWL5;L8Z6
ZWL5;IXUO
ZWL5;LRJV
SCZK;CPOP
SCZK;H3WS
SCZK;QYRF
GTCM;W5EZ
RDJ5;FCLC
RDJ5;T7Z4
W5EZ;JPKB
QMIY;U2LA
DLQW;U4KY
X6IX;CDS4
P4A6;HBHH
P4A6;J7LP
YEHO;YNM6
U5LE;G4A4
K5XR;FUU0
JLF8;BIX0
NBNY;XTT9
BPOW;BHQF
MCZ6;OHJO
Y7D4;XKR3
W2KS;CDS4
W2KS;FCLC
W2KS;T7Z4
W2KS;SLEC
L7ML;CMSS
L7ML;NGTJ
G0KK;E3SD
I5WJ;IMHL
JIJZ;VYTT
U3CR;CCW7
W1TL;NKEL
REM8;YOJS
V7JM;VUBK
P7BH;BHQF
IJIT;Y7MK
CDS4;E4U3
CDS4;T7Z4
CDS4;FCLC
CDS4;R0JL
GZS0;C7MQ
GZS0;EHRN
GZS0;NCAN
GZS0;IVLH
GZS0;SFH5
GZS0;MHF7
C7MQ;MHF7
C7MQ;EHRN
C7MQ;SFH5
OMT4;LDCT
OMT4;YGFY
OMT4;FBCX
LRJV;L8Z6
MRU5;L8Z6
UPGV;WBTX
UPGV;I1N7
PRWN;MQY6
PRWN;ONTI
PRWN;LQHR
EHRN;SFH5
EHRN;MHF7
LKVP;FLVB
LKVP;XTT9
OKAW;EXD1
OKAW;U2LA
YGFY;LDCT
DRRO;XYWN
LWM0;N2XI
J7LP;HBHH
KAKR;NVSY
VUBK;SYML
VUBK;B6FI
VUBK;ZILN
VUBK;S0MO
VUBK;EVJ6
FES8;CHOU
JTKE;ASA1
QYLJ;C8NC
WBTX;I1N7
N1Q5;A9PJ
V8N4;M1H5
B0LU;DLV8
YNSN;BJM5
NKEL;HQZS
NKEL;Z9KA
R0JL;FCLC
EKUW;QJUE
FCLC;T7Z4
UGFM;BINF
UGFM;ELL3
U3QS;ZPP6
QJUE;Q7EM
ZILN;EVJ6
CMSS;TSAU
SVP0;XFZF
YWK9;GWYA
JECX;VNB7
XEDS;U2LA
SFH5;MHF7
DIJ3;UMAD
LQHR;EXD1
LQHR;U2LA
E3P2;Q1EI
EVVE;XJM3
C9NB;GWYA
